{"cameraMode":{"drawMode":0,"name":"Shaded","section":"Shading Mode"},"sceneLighting":true,"audioPlay":false,"sceneViewState":{"showFog":false,"showMaterialUpdate":false,"showSkybox":false,"showFlares":false,"showImageEffects":false,"showParticleSystems":false},"in2DMode":false,"pivot":{"x":4.140781879425049,"y":4.253222942352295,"z":-0.39291056990623476},"rotation":{"x":0.3167218565940857,"y":-0.5848995447158814,"z":0.26542210578918459,"w":0.6979528665542603},"size":-0.9176034331321716,"orthographic":false}