{"cameraMode":{"drawMode":0,"name":"Shaded","section":"Shading Mode"},"sceneLighting":false,"audioPlay":false,"sceneViewState":{"showFog":false,"showMaterialUpdate":false,"showSkybox":false,"showFlares":false,"showImageEffects":false,"showParticleSystems":false},"in2DMode":false,"pivot":{"x":-0.5787882804870606,"y":-1.795949935913086,"z":0.16216087341308595},"rotation":{"x":-0.18956567347049714,"y":0.38126233220100405,"z":-0.08019182085990906,"w":-0.9012720584869385},"size":0.8660253882408142,"orthographic":false}