{"cameraMode":{"drawMode":0,"name":"Shaded","section":"Shading Mode"},"sceneLighting":true,"audioPlay":false,"sceneViewState":{"showFog":false,"showMaterialUpdate":false,"showSkybox":false,"showFlares":false,"showImageEffects":false,"showParticleSystems":false},"in2DMode":false,"pivot":{"x":-13.797836303710938,"y":-25.448320388793947,"z":8.549772262573243},"rotation":{"x":0.410026878118515,"y":-0.4700118899345398,"z":0.26159635186195376,"w":0.7366169691085815},"size":20.387889862060548,"orthographic":false}