{"cameraMode":{"drawMode":0,"name":"Shaded","section":"Shading Mode"},"sceneLighting":true,"audioPlay":false,"sceneViewState":{"showFog":false,"showMaterialUpdate":false,"showSkybox":false,"showFlares":false,"showImageEffects":false,"showParticleSystems":false},"in2DMode":false,"pivot":{"x":-13.811861038208008,"y":-15.267598152160645,"z":25.640153884887697},"rotation":{"x":0.30029523372650149,"y":-0.29881539940834048,"z":0.09962554275989533,"w":0.9003760814666748},"size":20.387889862060548,"orthographic":false}