{"cameraMode":{"drawMode":0,"name":"Shaded","section":"Shading Mode"},"sceneLighting":true,"audioPlay":false,"sceneViewState":{"showFog":false,"showMaterialUpdate":false,"showSkybox":false,"showFlares":false,"showImageEffects":false,"showParticleSystems":false},"in2DMode":false,"pivot":{"x":-0.6166372895240784,"y":-0.4671093225479126,"z":0.6729876399040222},"rotation":{"x":0.11852629482746124,"y":0.7025595903396606,"z":-0.12046147882938385,"w":0.6912733316421509},"size":4.368580341339111,"orthographic":false}