{"cameraMode":{"drawMode":0,"name":"Shaded","section":"Shading Mode"},"sceneLighting":true,"audioPlay":false,"sceneViewState":{"showFog":false,"showMaterialUpdate":false,"showSkybox":false,"showFlares":false,"showImageEffects":false,"showParticleSystems":false},"in2DMode":false,"pivot":{"x":1.5904734134674073,"y":-1.0837440490722657,"z":-0.8495125770568848},"rotation":{"x":-0.2423669695854187,"y":-0.007568779867142439,"z":0.001891986234113574,"w":-0.9701642990112305},"size":5.966026306152344,"orthographic":false}