{"cameraMode":{"drawMode":0,"name":"Shaded","section":"Shading Mode"},"sceneLighting":true,"audioPlay":false,"sceneViewState":{"showFog":false,"showMaterialUpdate":false,"showSkybox":false,"showFlares":false,"showImageEffects":false,"showParticleSystems":false},"in2DMode":false,"pivot":{"x":-2.5872268676757814,"y":1.5890116691589356,"z":-1.989715337753296},"rotation":{"x":-0.317573219537735,"y":0.5773807168006897,"z":-0.25972336530685427,"w":-0.705994725227356},"size":5.107395172119141,"orthographic":false}