{"cameraMode":{"drawMode":0,"name":"Shaded","section":"Shading Mode"},"sceneLighting":true,"audioPlay":false,"sceneViewState":{"m_AlwaysRefresh":false,"showFog":false,"showSkybox":false,"showFlares":false,"showImageEffects":false,"showParticleSystems":false,"showVisualEffectGraphs":true,"m_FxEnabled":true},"in2DMode":false,"pivot":{"x":7.202444076538086,"y":-1.7171990871429444,"z":5.257339000701904},"rotation":{"x":0.12325121462345123,"y":0.027641259133815767,"z":-0.003436605678871274,"w":0.9920293688774109},"size":29.727195739746095,"orthographic":false}